ICAO,ISO2
BIIS,IS
BIRK,IS
BIVM,IS
BIKF,IS
BIVO,IS
EBLG,BE
EDDG,DE
EDDK,DE
EDDP,DE
EDDV,DE
EDDW,DE
EDSB,DE
EGCC,GB
EGFF,GB
EGGW,GB
EGLC,GB
EGNR,GB
EGNV,GB
EGNX,GB
EGPC,GB
EGPD,GB
EGPE,GB
EGPK,GB
EGSS,GB
EGWU,GB
EKBI,DK
EKRK,DK
EKSB,DK
EKVG,DK
EKYT,DK
ENBR,NO
ENRY,NO
ENSB,NO
ENTC,NO
EPMO,PL
EPRZ,PL
EPWA,PL
ESGG,SE
ESKN,SE
ESNL,SE
ESNU,SE
ESSV,SE
ESTA,SE
GMMX,MA
LDDU,HR
LDZD,HR
LEAL,ES
LEAM,ES
LEIB,ES
LEJR,ES
LESO,ES
LFBD,FR
LFLP,FR
LFMT,FR
LFSB,FR
LIBR,IT
LICT,IT
LIEO,IT
LIMP,IT
LIPK,IT
LIPO,IT
LIRZ,IT
LJLJ,SI
LLBG,IL
LMML,MT
LOWS,AT
LPFR,PT
LPPR,PT
LPPT,PT
LQMO,BA
LRBC,RO
LROP,RO
LSGG,CH
LKPR,CZ
EPPO,PL
EBBR,BE
LHBP,HU
EGPH,GB
EGKK,GB
EDDB,DE
LDRI,HR
EGGP,GB
LECH,ES
LYBE,RS
LIMC,IT
EETN,EE
ESSA,SE
EGSH,GB
LIRN,IT
LIBD,IT
LFJL,FR
LTFH,TR
LBPD,BG
LFMV,FR
UGTB,GE
EYKA,LT
LIPE,IT
EDVK,DE
EGBB,GB
LOWG,AT
EDDH,DE
LTFM,TR
LEBL,ES
EGGD,GB
LEMG,ES
LPMA,PT
EYVI,LT
LEVC,ES
LEMH,ES
ENML,NO
LTCG,TR
LPBJ,PT
LIPZ,IT
LIML,IT
LIPR,IT
LEBB,ES
LICA,IT
LICJ,IT
LTBA,TR
LFRG,FR
EGMC,GB
EBOS,BE
LFPO,FR
LFPB,FR
EFHK,FI
EGNT,GB
EGPF,GB
LFSD,FR
EGJJ,GB
BITN,IS
EVRA,LV
EDDM,DE
LICC,IT
LIME,IT
LDPL,HR
EFKT,FI
EDDS,DE
ESSB,SE
LKKV,CZ
LBBG,BG
LUKK,MD
LKTB,CZ
LOWW,AT
EDDF,DE
ELLX,LU
EGLL,GB
EINN,IE
LFPG,FR
LEMD,ES
EGHH,GB
BIKR,IS
EHAM,NL
LKMT,CZ
LIPX,IT
LDZA,HR
LTAI,TR
EDDN,DE
EGTE,GB
LWSK,MK
LCLK,CY
EDFH,DE
LGSA,GR
ENZV,NO
EYPA,LT
EDDL,DE
ENAL,NO
LIRA,IT
EKAH,DK
LZKZ,SK
LEZL,ES
LSZH,CH
EGKB,GB
LDSP,HR
EGAA,GB
EGNM,GB
EIDW,IE
ENGM,NO
EKCH,DK
EPKT,PL
EGHI,GB
LOWK,AT
EPGD,PL
LRSM,RO
LIRF,IT
LOWI,AT
LFMN,FR
LIMJ,IT
LIRP,IT
LGAV,GR
LEPA,ES
LFBO,FR
LYTV,ME
EGLF,GB
LFML,FR
EPKK,PL
EHRD,NL
EBMB,BE
ENBO,NO
EHEH,NL
EDRY,DE
EHBK,NL
ESMX,SE
LATI,AL
LBSF,BG
LDOS,HR
LFKJ,FR
LFLL,FR
LGTS,GR
LIEE,IT
LOAN,AT
LOWL,AT
LRBS,RO
LSZA,CH
LTBJ,TR
LTFE,TR
EVGA,LV
LSGL,CH
EDMO,DE
LTAU,TR
LRIA,RO
LGIR,GR
EPLB,PL
LEMI,ES
LGKR,GR
LFTH,FR
LTBU,TR
LWOH,MK
ESMT,SE
LGIO,GR
EDNY,DE
LFRS,FR
ENTO,NO
LGMK,GR
ESMS,SE
LQSA,BA
EGVN,GB
LSGS,CH
LIRQ,IT
LSZS,CH
LSME,CH
UDYZ,AM
EDFE,DE
EDLW,DE
LHDC,HU
EDLP,DE
LZTT,SK
LSZB,CH
LGKO,GR
LFMD,FR
LTFJ,TR
LTAC,TR
EDJA,DE
EFTP,FI
LIRI,IT
LFLX,FR
EDHL,DE
EDLN,DE
EGNH,GB
EGNO,GB
EKKA,DK
EKOD,DK
ENOL,NO
ESPA,SE
GMME,MA
LEGE,ES
LEIZ,ES
LETL,ES
LFBF,FR
LFBI,FR
LFKF,FR
LFLB,FR
LFLC,FR
LFMA,FR
LFMP,FR
LFMU,FR
LFOH,FR
LFOZ,FR
LFPM,FR
LFPT,FR
LFQB,FR
LFRH,FR
LFRT,FR
LFSG,FR
LGPZ,GR
LIBG,IT
LICG,IT
LIPB,IT
LPCS,PT
LRCV,RO
LYBT,RS
LZIB,SK
LEST,ES
EDMA,DE
GMMW,MA
LSGK,CH
LSZR,CH
EDFM,DE
EDMS,DE
LFRM,FR
LFRQ,FR
LFLY,FR
LFAQ,FR
LFTW,FR
LFOK,FR
EPBY,PL
EDLV,DE
EDVE,DE
GMMN,MA
EHGG,NL
EICK,IE
LFBP,FR
EDTY,DE
LRTR,RO
LFMQ,FR
LTAN,TR
EBSP,BE
LEPP,ES
LRCK,RO
EDGS,DE
LFRB,FR
LFTZ,FR
EDRZ,DE
GMTT,MA
LYPG,ME
EDKB,DE
EDQA,DE
LSMP,CH
LFQQ,FR
EFSA,FI
LERJ,ES
EGMD,GB
LFST,FR
ESOE,SE
LRSB,RO
LFQG,FR
LFOV,FR
EEEI,EE
LIPH,IT
LEZG,ES
EGNJ,GB
EGTK,GB
LFRV,FR
EHTE,NL
LIPQ,IT
EFRO,FI
LLNV,IL
EDQG,DE
GMAD,MA
EDLE,DE
EDQM,DE
EEPU,EE
EFMA,FI
EHTP,NL
EIWF,IE
EKEB,DK
GMMI,MA
LEVT,ES
LEVX,ES
LFAT,FR
LFGA,FR
LFMH,FR
LFQM,FR
LTBS,TR
LYNI,RS
EGKA,GB
EIKY,IE
GMTA,MA
EGTF,GB
EHKD,NL
LEVD,ES
EPWR,PL
LFCR,FR
LIMF,IT
EGBJ,GB
ESGJ,SE
EHTW,NL
LFKB,FR
ENVA,NO
LGRP,GR
LIRS,IT
LRCL,RO
LHPR,HU
LTBY,TR
LBWN,BG
EGBO,GB
EDWI,DE
EHMZ,NL
LDLO,HR
LFLI,FR
LFMF,FR
EDDC,DE
EDXW,DE
EDMV,DE
EPKR,PL
LIMG,IT
EDTD,DE
EPLL,PL
LSZC,CH
EHLE,NL
ENCN,NO
ESNZ,SE
ESSD,SE
LECO,ES
LIMZ,IT
LRBV,RO
LSGC,CH
LCPH,CY
LGSR,GR
EPSY,PL
LRAR,RO
EKAC,DK
EFKS,FI
EDDR,DE
EDGE,DE
EDLD,DE
EDTF,DE
EDTM,DE
EGBN,GB
ESGT,SE
ESNX,SE
LEAS,ES
LESU,ES
LFJR,FR
LIQS,IT
LJPZ,SI
LKTC,CZ
LTAS,TR
LTDB,TR
LFPN,FR
EDLI,DE
ESND,SE
LFBZ,FR
LFBU,FR
LFBT,FR
LFLA,FR
LIPY,IT
LGKL,GR
EDHK,DE
LFLH,FR
ESSL,SE
EDWQ,DE
LSTS,CH
ESKS,SE
LFOP,FR
EIWT,IE
EHSE,NL
EGJB,GB
LFBA,FR
EDTL,DE
EDKA,DE
ESMK,SE
EPZG,PL
EGBP,GB
LKKU,CZ
EHBD,NL
LFSN,FR
LDRG,HR
LIPU,IT
LFLS,FR
LERS,ES
LQBK,BA
EDLS,DE
EDQD,DE
EDRT,DE
EGCM,GB
EGNS,GB
ENAT,NO
ENHD,NO
EPSC,PL
ESSP,SE
LEDA,ES
LFBE,FR
LFBL,FR
LHPP,HU
LIBP,IT
LIEA,IT
LIMW,IT
UGKO,GE
LZPP,SK
EGSC,GB
LFLU,FR
ESOK,SE
EDHF,DE
LOIJ,AT
EGTB,GB
EDWF,DE
EDON,DE
LESA,ES
EGLK,GB
LSZL,CH
EFKK,FI
LGZA,GR
EIME,IE
LQTZ,BA
EDRK,DE
EDKM,DE
EGHQ,GB
EDFQ,DE
LFRZ,FR
EGAC,GB
LFRC,FR
LTBZ,TR
EKHG,DK
LIRJ,IT
LHUD,HU
LFRD,FR
LGKF,GR
ESNQ,SE
ESNV,SE
EIKN,IE
ENEV,NO
EDFB,DE
EDFZ,DE
EFIV,FI
EFOU,FI
EGPN,GB
LFAV,FR
LJMB,SI
LRTM,RO
LTAJ,TR
LTCA,TR
ESMQ,SE
EGSY,GB
ESDF,SE
EDME,DE
LGRX,GR
EDNL,DE
EGFE,GB
LZZI,SK
LFOT,FR
LTCC,TR
EGPB,GB
EDXJ,DE
EETU,EE
LKHK,CZ
LTFD,TR
EKRN,DK
LTAE,TR
EDWE,DE
LECU,ES
LPPS,PT
EDHI,DE
LICB,IT
EDVY,DE
EGBE,GB
LFKC,FR
EGJA,GB
LEXJ,ES
EGAE,GB
LEBG,ES
LSZQ,CH
GMFF,MA
GMFO,MA
LFOB,FR
LIBC,IT
LEGR,ES
LFRI,FR
LOXZ,AT
LROD,RO
LKMB,CZ
LRSV,RO
LSGN,CH
LIMB,IT
LKLN,CZ
EDTG,DE
LPLA,PT
LGKV,GR
LDSB,HR
LEDC,ES
LHBC,HU
LKPD,CZ
LRBM,RO
LFLD,FR
LTBO,TR
LKPO,CZ
LIRU,IT
LFQA,FR
EDWY,DE
LIPN,IT
EFTU,FI
ENKR,NO
EFKU,FI
ESNS,SE
ESNN,SE
ESNK,SE
EFVA,FI
EGBW,GB
EGEC,GB
EISG,IE
LFSL,FR
LGSK,GR
LGMT,GR
UGSB,GE
LFRN,FR
EGPO,GB
LFBH,FR
LFRK,FR
ESUP,SE
LELN,ES
LFGJ,FR
GMFK,MA
EGNL,GB
EKSP,DK
EPRA,PL
LPPD,PT
LTCE,TR
LPAZ,PT
LTAZ,TR
LEBZ,ES
EGSU,GB
EGYM,GB
LIBF,IT
LFMK,FR
LEAB,ES
EGHF,GB
EGTC,GB
LKMH,CZ
EGPI,GB
EGNE,GB
EGSG,GB
EGQS,GB
LPAR,PT
EGXC,GB
LCRA,CY
EGPA,GB
EGPL,GB
EGQL,GB
LGSM,GR
LFAC,FR
EGPR,GB
EGPG,GB
LKKB,CZ
EHWO,NL
ESOW,SE
GMMZ,MA
LEMO,ES
LICR,IT
LTFG,TR
EVLA,LV
EIRT,IE
EKTS,DK
ESUT,SE
EKVJ,DK
EKSN,DK
ESKM,SE
LFEV,FR
ENLK,NO
LHSM,HU
LEBA,ES
LHPA,HU
ESCM,SE
ENKB,NO
ENHF,NO
ENNA,NO
ENSK,NO
ENBN,NO
ENXN,NO
ENJS,NO
ENXO,NO
ENXW,NO
ENFL,NO
ENQE,NO
ENQR,NO
ENOV,NO
ENSD,NO
ENSG,NO
ENHE,NO
ENNE,NO
ENUN,NO
ENST,NO
ENMS,NO
ENUS,NO
ENRA,NO
ENVD,NO
ENSS,NO
ENWA,NO
ENXK,NO
ENQS,NO
ENTR,NO
ENUB,NO
ENUK,NO
ENUE,NO
ENUR,NO
ENUC,NO
ENUA,NO
ENUD,NO
ENQC,NO
ENSL,NO
ENWE,NO
ENWI,NO
ENWK,NO
ENWG,NO
ENWY,NO
ENLE,NO
ENWV,NO
ENRO,NO
ENSO,NO
ENQL,NO
ENQV,NO
ENQO,NO
ENQK,NO
ENQM,NO
ENQW,NO
ENSF,NO
ENSE,NO
ENSH,NO
ESSU,SE
ENXB,NO
EPOM,PL
EPPT,PL
LHKE,HU
LGPA,GR
LKPM,CZ
LKVO,CZ
EYKS,LT
LSZG,CH
EYSA,LT
LFPV,FR
LIPV,IT
ESNO,SE
LGLM,GR
LGKP,GR
ESNG,SE
ESST,SE
GMMB,MA
GMML,MA
GMMD,MA
GMTN,MA
GMMH,MA
LBWB,BG
LPEV,PT
LELL,ES
LEMU,ES
LEHC,ES
LFTM,FR
LENE,ES
LESL,ES
LIED,IT
LPVL,PT
LFDJ,FR
LFEQ,FR
LPMR,PT
LFCK,FR
LGHI,GR
LKCS,CZ
LFRU,FR
LFBK,FR
LESB,ES
LFCI,FR
LSZM,CH
LPCB,PT
LPHR,PT
LERT,ES
LICD,IT
LFRO,FR
LPVZ,PT
LPPM,PT
LGBL,GR
LFDN,FR
LFLV,FR
LFOQ,FR
LFDH,FR
LPVR,PT
LFTF,FR
LIRV,IT
LFLN,FR
LFSM,FR
LFLW,FR
LFMS,FR
LFRE,FR
LFSP,FR
LYPR,XK
LICZ,IT
LGTT,GR
LIRE,IT
LGKM,GR
LOIH,AT
LGNX,GR
LTCR,TR
LGST,GR
LGKZ,GR
LTAP,TR
LGLE,GR
LLER,IL
LTBR,TR
LYKV,RS
LTBH,TR
LKJC,CZ
LOAV,AT
LIMN,IT
LIDT,IT
LIET,IT
LTAY,TR
LTFO,TR
LTAR,TR
LKJI,CZ
LIQL,IT
LOWZ,AT
LZTN,SK
LLHA,IL
LOLW,AT
LPFL,PT
LPPI,PT
LPSJ,PT
LRTC,RO
LTCB,TR
LSMD,CH
LTBQ,TR
LTCK,TR
LTCN,TR
LTCS,TR
LTAW,TR
LTBG,TR
LTDA,TR
LTCD,TR
LTCV,TR
LTCI,TR
LTCF,TR
LTCP,TR
LTCT,TR
LTCO,TR
LTFB,TR
LTFC,TR
LTBF,TR
LTCU,TR
LTCW,TR
LTCJ,TR
UGSA,GE
EDDE,DE
EDMX,DE
EFJY,FI
EGHL,GB
EHJO,NL
EHKG,NL
EHKK,NL
EHKO,NL
EHKP,NL
EHKQ,NL
EHKX,NL
EHLH,NL
EHLL,NL
EHLT,NL
EHMA,NL
EHMF,NL
EHPJ,NL
EHPK,NL
EKAF,DK
ENAN,NO
ENMH,NO
ENQB,NO
ENQD,NO
ENQJ,NO
EPCD,PL
EPML,PL
LFHS,FR
LFLJ,FR
LFLO,FR
LPCO,PT
LZPE,SK
EHKS,NL
EHLO,NL
EHKE,NL
EHQH,NL
LPSO,PT
EDBN,DE
LFBX,FR
EFPO,FI
LFQJ,FR
EHKV,NL
EHKT,NL
EHLJ,NL
LFBN,FR
LHKK,HU
EDXF,DE
ENDU,NO
ENOA,NO
EHPG,NL
EHMG,NL
EHLQ,NL
EHPN,NL
EHKJ,NL
LRHR,RO
LOAG,AT
LGAL,GR
LFOU,FR
LZSK,SK
EGHR,GB
EHLI,NL
ENQA,NO
EDWG,DE
EBKT,BE
LZTR,SK
EBCI,BE
LTAG,TR
LFQT,FR
LFCH,FR
EHMR,NL
EHLP,NL
EHQT,NL
EHLM,NL
EHQM,NL
EHLX,NL
LIDE,IT
EDXQ,DE
LKNM,CZ
BIBD,IS
EBAW,BE
EDKV,DE
EFJO,FI
EFMI,FI
EFSI,FI
EGBK,GB
EGPT,GB
ENGC,NO
ENJA,NO
ENQG,NO
LFVP,PM
LGKC,GR
LIQW,IT
BIGR,IS
EGYP,GB
EDUF,DE
LIDA,IT
ENOC,NO
LNMC,MC
LSGE,CH
BIHN,IS
LFHV,FR
UKLU,UA
BIGJ,IS
EFKE,FI
EGEO,GB
EIDL,IE
EGPU,GB
ESMY,SE
LFDK,FR
LPBG,PT
BIHU,IS
BIEG,IS
LFDI,FR
EFKI,FI
ESIB,SE
LFRF,FR
LRTZ,RO
EDNX,DE
EHTX,NL
ENRM,NO
ENUJ,NO
EPPW,PL
EPST,PL
GMAT,MA
LBGO,BG
LFOR,FR
LHBS,HU
LIAP,IT
LOGO,AT
LTAT,TR
LTCM,TR
LTAL,TR
LFHP,FR
LTCL,TR
LFMI,FR
UDSG,AM
EDFG,DE
EGST,GB
EDRE,DE
LDVA,HR
LHTL,HU
EPBC,PL
EDRB,DE
EPWK,PL
EGPJ,GB
LGLR,GR
ENNM,NO
EDAZ,DE
EKGR,DK
EKHA,DK
EKHD,DK
EKNI,DK
EKSC,DK
EKSG,DK
EKTE,DK
ENBS,NO
ENBV,NO
ENFB,NO
ENHK,NO
ENSR,NO
EPOK,PL
LETO,ES
LFKO,FR
LFOD,FR
LGPL,GR
LILE,IT
EGDY,GB
EGXW,GB
EKGC,DK
EKSI,DK
EKHO,DK
ENHV,NO
ESHU,SE
ENLA,NO
LGKA,GR
LFEY,FR
EKVD,DK
ENGA,NO
LGSY,GR
LEGT,ES
ENUG,NO
LLRM,IL
EDWR,DE
EKCB,DK
EKHB,DK
EKHR,DK
LFLG,FR
LLOV,IL
EBZW,BE
EGOV,GB
EGVA,GB
ENVR,NO
ENWS,NO
LFCL,FR
LFCY,FR
LGKS,GR
LGKY,GR
LGML,GR
LGSO,GR
LGTG,GR
LIAF,IT
LSXB,LI
LTBT,TR
LZNI,SK
LFQF,FR
LFCC,FR
EGYD,GB
EGAB,GB
ENRS,NO
ESOH,SE
EDAC,DE
LFOO,FR
LGIK,GR
EKCC,DK
GMAG,MA
EGXE,GB
LEAP,ES
LSMV,CH
EHVK,NL
BKPR,XK
EBBE,BE
EBFS,BE
EDAY,DE
EDBH,DE
EDBM,DE
EDCJ,DE
EDCO,DE
EDCY,DE
EDFR,DE
EDLM,DE
EDPA,DE
EDQT,DE
EDTH,DE
EGDR,GB
EGHC,GB
EGHO,GB
EHAK,NL
EHAX,NL
EHBL,NL
EHDV,NL
EHFB,NL
EHFO,NL
EHFR,NL
EHFT,NL
EHGN,NL
EHGQ,NL
EHJB,NL
EHJD,NL
EHJE,NL
EHJF,NL
EHJG,NL
EHJI,NL
EHJJ,NL
EHJR,NL
EHKB,NL
EHKC,NL
EKAT,DK
EKBU,DK
EKDF,DK
EKDT,DK
ENAS,NO
ENBE,NO
ENBG,NO
ENBL,NO
ENFG,NO
ENNO,NO
ENSX,NO
ENWF,NO
GMAA,MA
GMAR,MA
GMFB,MA
GMMA,MA
LBBB,BG
LBLS,BG
LEGC,ES
LEML,ES
LFAY,FR
LFBS,FR
LFCF,FR
LFCN,FR
LFEA,FR
LFHO,FR
LFKT,FR
LFNC,FR
LFPA,FR
LGEL,GR
LGKJ,GR
LHSK,HU
LIBN,IT
LICP,IT
LIKM,IT
LILO,IT
LILR,IT
LIPM,IT
LPCR,PT
LTAD,TR
LTAF,TR
EDBR,DE
GMAZ,MA
EKMB,DK
LIDF,IT
LPGR,PT
LTBD,TR
EDCM,DE
EDAJ,DE
EHJA,NL
EHER,NL
EHFC,NL
LHSN,HU
LTFK,TR
EYTL,LT
LIAA,IT
LFCS,FR
EDBK,DE
LZSE,SK
LFGB,FR
EGUB,GB
ENEG,NO
BIAR,IS
EBBL,BE
EDLA,DE
EFET,FI
EGCK,GB
EGTW,GB
EDCG,DE
EPLU,PL
EBST,BE
LFGF,FR
LFNA,FR
EDAU,DE
EDMR,DE
EHDS,NL
EHKA,NL
ENDP,NO
ESCF,SE
GMFI,MA
LIAU,IT
LKBE,CZ
EFKJ,FI
EGHA,GB
EDAV,DE
EDBC,DE
EEKA,EE
EGCW,GB
EDGY,DE
EDFC,DE
LECD,ES
LKMK,CZ
LFAB,FR
EGKR,GB
LJCE,SI
EHFQ,NL
EHJH,NL
EPPG,PL
ESPE,SE
EBFN,BE
LGEP,GR
ENRK,NO
EGBT,GB
LIKO,IT
LDPV,HR
LBIA,BG
EPNT,PL
EYMM,LT
LOJW,AT
LKRO,CZ
EDAB,DE
EKCE,DK
EDVM,DE
ENDR,NO
EBCV,BE
EBNH,BE
EHFD,NL
EHGS,NL
EHJC,NL
LFMY,FR
EDWO,DE
EGET,GB
LLHS,IL
EPKW,PL
LFAF,FR
LFHM,FR
LIPL,IT
EDAH,DE
EDBJ,DE
EEKE,EE
EKAR,DK
ENBX,NO
EFLP,FI
LTAH,TR
UGMS,GE
EHJM,NL
EHGP,NL
GMMT,MA
EDML,DE
LIDH,IT
LFBM,FR
LFFO,FR
LFEC,FR
EDAX,DE
ENXR,NO
EDAQ,DE
LECI,ES
